,,,,,,,
,Estudio Oloroso ｜ 外部連携・データ移行・機能仕様一覧,,,,,,
,WEBサイトリニューアルに伴う外部サービス連携（Instagram、エキテン）、Decap CMSによる新規オリジナルブログ管理、およびCVR最大化フォーム・計測仕様の技術詳細要件。,,,,,,
,,,,,,,
,機能・連携項目,対象サービス / ツール,連携方式 / 技術スタック,主な要件・仕様詳細,データ更新頻度・運用体制,優先度,ステータス
,SNS連携,Instagram（公式アカウント）,Instagram Graph API / Basic Display API,最新投稿（画像・動画・カルーセル）をTOPおよびNewsページに自動埋め込み取得。キャプション先頭行と投稿日時を表示。APIトークンの自動リフレッシュ処理（60日毎）。,1時間毎の自動キャッシュ更新 / 週1回投稿運用,高,進行中
,口コミ・地域ポータル,エキテン（地域情報サイト）,エキテン公式ブログパーツ / 外部トラッキングURL,エキテン内の店舗評価・総口コミ数・最新高評価レビューをバッジ形式で掲載。クリック時は新規タブでエキテン詳細ページへ送客（utmパラメータ付与）。,月1回の評価・レビュー数定期同期 / 受講生へ投稿促進,中,未着手
,ブログ・コラム運用,Decap CMS / GitHub,Decap CMS（Gitリポジトリ管理）による新規Markdown記事投稿・管理,参考元（旧ココログ等）の記事転載や人物情報は一切行わず、「Estudio Oloroso」完全オリジナルのコラム・活動記事を新規作成。Git経由でMarkdown形式として管理し、高速静的配信およびSEO最適化を実施。,随時投稿運用（月2〜4本の新規オリジナル記事執筆・公開）,高,進行中
,カレンダー・日程,Googleカレンダー / iCal,Google Calendar API (v3) / レスポンシブiframe,レッスンスケジュール・休講・代講・スタジオイベント日程を一元管理。一般公開カレンダーとしてWEBサイト上に月間・週間ビューで埋め込み。,講師・管理者による随時更新（WEB側へリアルタイム反映）,高,完了
,動画配信,YouTube / Vimeo,埋め込みiframe / 遅延読み込み（Lazy Loading）,FV背景動画はVimeo高画質ストリーミング（無音ループ）。各クラス紹介動画はYouTubeチャンネル埋め込み。初期表示スピード低下を防ぐファサードパターン実装。,シーズン・発表会毎に新規動画差し替え,中,進行中
,問い合わせ・CVRフォーム,Jamstack対応フォーム（Formspree / Netlify Forms）,Formspree / Netlify Forms などのJamstack対応フォームサービス（またはAPIエンドポイント連携）,サーバーレス環境でのフォーム運用。離脱率低減の1ページ完結型、住所自動補完・日時選択、スパム遮断。送信完了時の自動返信メールおよび通知連携。,常時稼働 / 24時間以内の返信オペレーション,高,進行中
,チャット・相談窓口,LINE公式アカウント,LINE Official Account / Messaging API,スマホ閲覧時のワンタップ友だち追加導線。リッチメニューから「体験レッスン予約」「レッスン料金」「アクセス」へ直接アクセス可能なチャットボット連携。,自動応答メッセージ設定 + 個別チャット対応,高,未着手
,アクセス・地図,Google Maps Platform,Google Maps Embed API,スタジオの正確なピン位置、最寄り駅（JR・私鉄）からの徒歩ルートポリライン表示。スマートフォンの場合はGoogleマップアプリ連携起動。,初期設定後恒久運用（スタジオ移転・増設時のみ更新）,中,完了
,アクセス解析・計測,Google Analytics 4 / Search Console,Google Tag Manager (GTM),体験レッスン予約完了・LINE追加・電話タップ・エキテン遷移をカスタムコンバージョンイベントとして計測。スクロール率・動画再生完了率の計測。,月次アクセス解析レポート作成・CVR改善PDCA運用,高,進行中
,セキュリティ・インフラ,GitHub Pages / GitHub Actions,GitHub Pages（HTTPS標準対応）＋ GitHub Actions による自動CI/CDビルドデプロイ,Next.js静的エクスポート（SSG）とGitHub Pagesによるサーバーレス高速配信。GitHub Actionsによる自動CI/CDビルド・デプロイ、常時HTTPS暗号化、高速CDN配信。,毎日自動バックアップ（データ＋DB）保持,高,完了
,お知らせ・CMS管理,Decap CMS / GitHub,Decap CMS（GitHub連携ヘッドレスCMS）によるマークダウン管理・自動ビルド,Gitリポジトリ直結の管理画面でお知らせ・ブログを更新。Markdown/画像コミットを検知しGitHub Actionsで自動ビルド・即時デプロイ。,随時更新（お知らせ・休講情報）/ 管理者・講師による直感的なWeb編集,高,進行中