,,,,,,,,,,,
,Estudio Oloroso ｜ WEBサイト レイアウト構成・コンテンツ仕様一覧,,,,,,,,,,
,【プロジェクト背景・目的】フラメンコスタジオ「Estudio Oloroso」公式WEBサイト全面リニューアル。アンダルシア・ヘレスの本格的なフラメンコ文化の魅力を発信し、体験レッスン申込・新規入会（CVR）の最大化を図る。,,,,,,,,,,
,【デザインコンセプト】「洗練された情熱（Sophisticated Passion）」｜ 深みのあるワインレッド（#801336 / #721B29）× クラシックモダン、情熱的な舞踊写真とクリアな導線設計の融合。,,,,,,,,,,
,,,,,,,,,,,
,対象ページ数,,構成セクション総数,,外部連携・主要機能数,,実装完了数 / 全体,,制作進捗ゲージ,,
,7,,30,,18,,7 / 30,,,,
,主要6ページ＋共通要素,,全レイアウトブロック,,SNS・口コミ・予約連携,,23.3% 完了,,ステータスに連動してリアルタイム更新,,
,,,,,,,,,,,
,ページID,ページ名,セクション / 構成要素,配置・階層,掲載コンテンツ・コピー概要,必要素材・メディア,外部連携・機能要件,UI/UX設計・演出方針,対象ターゲット・想定行動,優先度,制作ステータス
,P01-01,トップページ（Home）,ファーストビュー（FV）/ ヒーローエリア,最上部 / ファーストビュー,メインコピー「魂が躍動する、アンダルシアの鼓動をこの街で。」、サブコピー、体験レッスン導線CTAボタン,高画質ヒーロー背景動画（スタジオ風景・ステージ映像、ループ再生、音声OFF）,HTML5 Video / Vimeo埋め込み、WebM/MP4軽量化,ワインレッドのオーバーレイグラデーションで可読性担保。スクロールを促すインジケーター設置,新規来訪者全般：ブランドの世界観に引き込み、離脱を防ぐ,高,進行中
,P01-02,トップページ（Home）,イントロダクション（スタジオの想い）,第2セクション,ヘレス仕込みの本場フラメンコを基礎から丁寧に指導するスタジオ理念と特徴サマリー,ヘレス現地の風景・講師の演舞写真,-,縦書き・横書きの洗練されたタイポグラフィ配置、フェードインアニメーション,本格的なフラメンコを学びたい潜在層：スタジオへの信頼感醸成,高,進行中
,P01-03,トップページ（Home）,クラス紹介ハイライト（3つの特徴）,第3セクション,「はじめてのフラメンコ」「表現力を磨く中級」「テクニカ集中」の3バナーと各ページリンク,クラス別アイコン・レッスン風景スナップ,-,3カラムカード型レイアウト（ホバー時に画像ズーム＆詳細表示）,未経験者〜経験者：自分に合うクラスを見つけクラス詳細へ遷移,高,進行中
,P01-04,トップページ（Home）,体験レッスン案内・特典バナー,第4セクション,手ぶらでOK！初心者向け体験レッスンの流れ・特典案内・「体験レッスンを予約する」CTA,レンタルシューズ・スタジオ内の安心感ある写真,体験予約フォームページへのアンカーリンク,ゴールド/ワインレッドのアクセントカラーで視線誘導、マイクロコピーで心理的障壁を下げる,入会検討者：不安を解消しフォーム遷移を促す,高,完了
,P01-05,トップページ（Home）,インフォメーションハブ（SNS・口コミ）,第5セクション,最新のお知らせ＋Instagramギャラリーフィード＋エキテン口コミ評価バッジ,Instagram投稿サムネイル、エキテン評価アイコン,Instagram Basic Display API、エキテン口コミウィジェット/リンク,グリッド表示、スマホではスワイプ可能なカルーセルUI,スタジオの日常・リアルな評判を知りたいユーザー：生の声で信頼獲得,中,未着手
,P01-06,トップページ（Home）,スタジオアクセス・地図情報,第6セクション,スタジオ所在地、最寄り駅からの徒歩ルート案内、営業時間、Google Map,スタジオ外観・エントランス写真、アクセスマップ図,Google Maps Embed API（レスポンシブ埋め込み）,スマホからワンタップでGoogle Mapsアプリが起動できるリンクボタン設置,来校者：迷わずスタジオに到着できるようにする,高,完了
,P02-01,スタジオ紹介（About）,理念と歴史（アンダルシアの伝統）,メインエリア上部,「Estudio Oloroso」の由来（豊かなコクを持つ辛口シェリー「オロロソ」）、ヘレス・デ・ラ・フロンテーラでの修行経験と本場フラメンコへの敬意,現地ヘレスのペーニャ・舞台での講師写真,-,上質なエディトリアル調のデザイン、情緒的なストーリーテリング,フラメンコの深みを知りたい人：指導哲学に共感してもらう,高,進行中
,P02-02,スタジオ紹介（About）,主宰・講師プロフィール,メインエリア中部,「Estudio Oloroso」主宰者のオリジナル経歴・指導哲学、舞台実績、受講生へのメッセージ（参考元サイトの人物名・経歴は流用せず完全新規作成）,講師ポートレート（プロ撮影・高解像度）、舞台写真,-,親しみやすさとプロフェッショナリズムの両立を図るレイアウト,指導者でスタジオを選びたい人：指導力と人柄の確認,高,進行中
,P02-03,スタジオ紹介（About）,スタジオ設備・フロア環境,メインエリア下部,足腰に優しい特注無垢ダンスフロア、大型ミラー、音響設備、更衣室・パウダールーム,スタジオ全景・足元フロア構造写真・設備写真,-,グリッドギャラリー形式、安全・快適性を視覚的にアピール,長期間通いたい人・健康志向層：練習環境の良さを実感,中,未着手
,P02-04,スタジオ紹介（About）,生徒の声・発表会レポート,下部CTA手前,当スタジオ受講生への独自インタビュー（初心者・継続年数別）、発表会（フィエスタ）の様子（※参考元・他サイトの人物名やエピソードは流用せずスタジオ独自作成）,発表会の舞台写真・集合写真、生徒コメント文,エキテン口コミ連携、ブログ関連記事リンク,カード形式で受講生の実体験を掲載、コミュニティの温かさを伝える,一人で参加するのが不安な初心者：心理的安全性の確保,中,未着手
,P03-01,クラス案内（Classes）,レベル別クラス体系マップ,ページ上部,入門・初級・中級・テクニカ・キッズのステップアップフローチャート,ステップアップ図解インフォグラフィック,-,自分のレベルがひと目で分かるインタラクティブなステップチャート,すべての受講希望者：現在の自分に最適なクラスを特定,高,進行中
,P03-02,クラス案内（Classes）,入門・初級クラス詳細,メインエリア（タブ1）,対象者（未経験者）、レッスン内容（姿勢・ブラソ・サパテアードの基本）、曲種（セビジャーナス等）,レッスン中の様子写真、動画ショートクリップ,YouTube/Vimeo埋め込みサンプル動画,アコーディオンまたはタブ切り替え、体験申込みボタンをクラス直下に配置,ダンス未経験・初心者：体験レッスンへの即時申し込み,高,進行中
,P03-03,クラス案内（Classes）,中級・上級クラス詳細,メインエリア（タブ2）,対象者（経験2年以上）、表現力・カンテ（歌）とギターへの合わせ方、本格曲種（アレグリアス、ソレア等）,上級レッスンの躍動感ある写真,-,本格志向に応える専門性の高い曲種解説・指導ポイントの明記,他スタジオからの移籍・再開者：よりハイレベルな指導を求める層,中,未着手
,P03-04,クラス案内（Classes）,テクニカ・個人レッスン案内,メインエリア（タブ3）,身体の使い方・足の打ち方特化クラス、完全マンツーマンの個人・セミプライベートレッスン,個人レッスンの指導シーン写真,-,短期集中や弱点克服を目指す受講生向けの特別枠としてアピール,特定技術を伸ばしたい熱心な生徒・忙しい社会人,中,未着手
,P04-01,スケジュール・料金（Schedule & Price）,週間レッスンスケジュール表,ページ上部,曜日・時間帯別タイムテーブル（月曜〜日曜）、開講クラス名、担当講師,曜日別カラータグアイコン,Google カレンダー埋め込み連携 / iCal同期,スマホ表示時に横スクロール不要なアコーディオン／曜日タブ切り替えUI,通学スケジュールを調整したいユーザー：空き時間とクラスの一致確認,高,完了
,P04-02,スケジュール・料金（Schedule & Price）,月謝・チケット料金体系表,メインエリア中部,入会金、月謝制（月2回・4回・フリーパス）、ビジターチケット、体験レッスン料金,料金比較アイコン、おすすめプランバッジ,-,おすすめプランを目立たせるカード型プライシングテーブル、税込表記徹底,費用感を明確に把握したいユーザー：予算に合うプラン選択,高,完了
,P04-03,スケジュール・料金（Schedule & Price）,入会キャンペーン・割引特典,料金表直下,体験レッスン当日入会で「入会金半額/無料」、お友達紹介キャンペーン情報,キャンペーン限定バナー・割引アイコン,-,期間限定感を演出するハイライト枠、体験予約CTAと連動,迷っているユーザーの背中を押し、今すぐ申し込む動機付け,高,完了
,P04-04,スケジュール・料金（Schedule & Price）,受講システム・振替ルールFAQ,ページ下部,お休み時の振替受講ルール、休会・退会手続き、スタジオ利用時の注意事項,FAQアコーディオンアイコン,-,開閉式アコーディオンUIで視認性を保ちつつ疑問を即座に解消,忙しい社会人・主婦層：無理なく続けられる制度の確認,中,未着手
,P05-01,お知らせ・ブログ（News & Blog）,重要なお知らせ・スタジオ休校情報,ページ最上部,台風・荒天時の中止連絡、スタジオ発表会案内、休講・代講インフォメーション,アラートアイコン、日付バッジ,Decap CMS（Markdownファイル管理）,重要なお知らせは最上部にピニング（固定）表示、緊急性の高い情報を目立たせる,既存生徒および直近の体験予約者：最新の開催状況確認,高,進行中
,P05-02,お知らせ・ブログ（News & Blog）,公式ブログ・コラム一覧（新規オリジナル記事）,メインエリア,レッスン日記、フラメンコの知識コラム、イベント出演レポート（※参考元記事の転載は行わず完全オリジナル記事を新規執筆）,アイキャッチ画像、記事内スナップ写真,GitHubリポジトリ＋Decap CMS（Next.js SSG/ISRによる高速表示）,Next.js静的生成による高速表示、カード型3カラムグリッド、カテゴリー別・タグ別絞り込み検索機能,WEB検索からのオーガニック流入（SEO）、スタジオの日常に関心がある層,中,進行中
,P05-03,お知らせ・ブログ（News & Blog）,Instagram公式フィード連携,サイドバー / 記事下部,日々の練習風景、リハーサル動画、衣装紹介などリアルタイムな投稿一覧,Instagram投稿画像・リール動画,Instagram Graph API / 自動同期プラグイン,インスタアカウント（@estudio_oloroso）へのフォロー導線を明確に配置,SNS世代の若年層・ファン層：公式アカウントへのフォロワー獲得,中,未着手
,P05-04,お知らせ・ブログ（News & Blog）,地域口コミサイト連携（エキテン）,サイドバー / フッター付近,エキテン掲載中の高評価口コミサマリー、口コミ投稿のお願いバナー,エキテン公式ロゴ、星評価（★）グラフィック,エキテン公式ブログパーツ / 外部リンクトラッキング,第三者機関による信頼性の証明として配置、クリックで外部レビューへ誘導,比較検討中の地元見込み顧客：第三者評価による後押し,中,未着手
,P06-01,体験レッスン・お問い合わせ（Contact）,体験レッスンの流れ・準備物案内,フォーム上部,所要時間（約60分）、持ち物（動きやすい服装・靴下）、スタジオ到着後の流れSTEP1〜3,体験手順の図解イラスト、スタジオ受付写真,-,初めての方でも不安なく来られるよう、イラスト付きの3ステップで明快に図解,体験レッスン申し込み直前のユーザー：不安を取り除き離脱を防止,高,進行中
,P06-02,体験レッスン・お問い合わせ（Contact）,体験予約・お問い合わせ統合フォーム,メインフォームエリア,種別選択（体験レッスン希望/一般問合せ）、希望日時第1〜第3、氏名、メール、電話、質問,必須入力バッジ、フォームアイコン,Googleスプレッドシート自動通知 / LINE通知連携 / 自動返信メール,入力項目を最小限に絞り、リアルタイムバリデーションと郵便番号自動入力でCVR最大化,フォーム入力者：ストレスなく1分以内で予約完了,高,進行中
,P06-03,体験レッスン・お問い合わせ（Contact）,公式LINE予約導線（サブCTA）,フォーム直下,「LINEなら友だち追加でかんたん予約！」LINE相談・予約へのダイレクトリンク,公式LINE緑バナー、QRコード画像,LINE Official Account Messaging API / 友だち追加URL,フォーム入力が面倒なユーザー向けに、スマホで1タップで起動する代替導線を提供,スマホユーザー：フォーム離脱を防ぎLINE経由でリード獲得,高,未着手
,P06-04,体験レッスン・お問い合わせ（Contact）,よくある質問（FAQ）とサンクスページ,フォーム下部・送信後画面,「身体が硬くても大丈夫？」「年齢層は？」等、送信完了後の自動返信と確認事項,完了画面チェックアイコン、案内PDFリンク,Google Analytics 4 コンバージョンイベントタグ（CV計測）,送信完了ページで迷わない案内を表示、メール未着時の電話・LINE連絡先も提示,送信完了者：予約確認と当日の参加意欲向上,高,進行中
,SYS-01,共通（Global Components）,グローバルヘッダー & ナビゲーション,全画面最上部（固定表示）,スタジオロゴ、主要ナビゲーションメニュー、電話番号、「体験レッスン予約」固定ボタン,スタジオSVGロゴ（ゴールド/ホワイト/ブラック）,スマホハンバーガーメニュー、スクロール追従（Sticky Header）,スクロール時も常にヘッダーを追従させ、いつでも体験予約ボタンを押せる設計,全ユーザー：目的のページへ迷わず遷移できる回遊性の確保,高,完了
,SYS-02,共通（Global Components）,スマホ用フローティング固定フッターCTA,スマホ画面最下部固定,「体験レッスンを予約」「LINEで相談」の2連フローティングボタン,カレンダーアイコン、LINEアイコン,モバイル専用CSSメディアクエリ表示制御,親指で押しやすい下部固定配置。コンテンツの邪魔にならないよう半透明・アニメーション制御,スマホ閲覧ユーザー：スクロール中いつでもワンタップで予約・相談へ遷移,高,進行中
,SYS-03,共通（Global Components）,グローバルフッター & フッターナビ,全画面最下部,スタジオ住所・電話・営業時間、サイトマップリンク、SNSアイコン、コピーライト,Instagram/YouTube/Facebook各SNS公式アイコン,SNS公式アカウントリンク、プライバシーポリシーページリンク,深みのあるダークバーガンディ背景にホワイト文字で格調高いフィニッシュ,全ユーザー：スタジオ基本情報の確認と下層ページへのアクセス,中,完了
,SYS-04,共通（Global Components）,SEO・OGP・アナリティクス基盤,全ページ<head>タグ,"meta title, meta description, OGP画像, ファビコン, 構造化データ（LocalBusiness）",OGP用高画質バナー（1200x630px）、favicon.ico,"Google Analytics 4, Google Search Console, Tag Manager",SNSシェア時の美しいカードプレビュー、地域名（地域+フラメンコ）検索での上位表示,検索エンジン・SNS拡散：自然検索流入と集客の基盤整備,高,進行中